"","Type","city_hotel","resort_hotel"
"1","New",97.4385478381445,95.5616575137294
"2","Old",2.56145216185554,4.43834248627059
